{"name":"Beta_Body_MAT","data":{"shader":"phong","ambient":[0,0,0],"diffuse":[0.371822,0.75123,0.9091],"specular":[0.28926,0.28926,0.28926],"shininess":40.6873,"emissive":[0,0,0],"opacity":1}}