{"name":"Beta_Joints_MAT","data":{"shader":"phong","ambient":[0,0,0],"diffuse":[0.046288,0.046288,0.046288],"specular":[0.15662,0.548481,0.764],"shininess":39.2903,"emissive":[0,0,0],"opacity":1}}